pair,task1,task2,merge_task_vector_cosine_similarity,merge_task_vector_l2_distance,merge_task_vector_dot_product,merge_weight_space_angle,merge_task_vector_magnitude_ratio,merge_singular_value_overlap,merge_subspace_overlap,perf_arithmetic,perf_isotropic,perf_weight_avg,perf_tsv
SUN397__Cars,SUN397,Cars,0.033207088708877563,3.8936710357666016,0.2500123679637909,88.09702411907517,0.7685411810715146,0.9381033035944093,0.08837980147240299,0.9155009686946869,0.9261632859706879,0.9566810727119446,0.9852086007595062
SUN397__RESISC45,SUN397,RESISC45,0.04599659517407417,3.0690062046051025,0.22319799661636353,87.36365905475397,0.8386212728639438,0.927907148622117,0.09725043894547336,0.9181662797927856,0.9111979901790619,0.9633115828037262,0.9882785081863403
SUN397__EuroSAT,SUN397,EuroSAT,0.03673391416668892,2.994206190109253,0.16510818898677826,87.894828125822,0.7767892116439203,0.8897342625653969,0.08373422400569018,0.9505501091480255,0.9190233647823334,0.9751943349838257,0.9909903407096863
SUN397__SVHN,SUN397,SVHN,0.03313298895955086,4.479761123657227,0.30776476860046387,88.10127205952007,0.6229297464394349,0.8915697459904652,0.06827374196277476,0.9105131030082703,0.8341215252876282,0.9586800932884216,0.9697734117507935
SUN397__GTSRB,SUN397,GTSRB,0.03863005340099335,3.0706725120544434,0.1859959065914154,87.78611012045819,0.832108101614709,0.9059689989629781,0.07537600372759802,0.9069717228412628,0.8693275153636932,0.964562177658081,0.9833492636680603
SUN397__MNIST,SUN397,MNIST,0.03891836106777191,3.7507457733154297,0.2776587903499603,87.76957887635892,0.8110365135917423,0.875188650949946,0.06892855555381418,0.9530391097068787,0.930945485830307,0.9677238762378693,0.9723618924617767
SUN397__DTD,SUN397,DTD,0.05897356942296028,2.6955060958862305,0.19244305789470673,86.6191017071766,0.5639594249244344,0.9272192716598511,0.0894241313608188,0.8653951287269592,0.8628309965133667,0.9366446733474731,0.9795057773590088
SUN397__Flowers102,SUN397,Flowers102,0.0510595366358757,2.4854061603546143,0.09260973334312439,87.07323138805612,0.3134591646473553,0.9145610534919882,0.08513233776924743,0.9013543426990509,0.9212080240249634,0.9503326416015625,0.9856250882148743
SUN397__PCAM,SUN397,PCAM,0.026645638048648834,4.278242588043213,0.23074772953987122,88.47313668473268,0.6681700398964995,0.8939617939715115,0.08271118208484828,0.9588079154491425,0.909008800983429,0.9640786945819855,0.946257472038269
SUN397__FER2013,SUN397,FER2013,0.032376568764448166,3.770573854446411,0.2319009155035019,88.14463501304418,0.8078416281792319,0.9205597234222124,0.07823000091989087,0.9169212281703949,0.8982886373996735,0.9680564701557159,0.9920576512813568
SUN397__OxfordIIITPet,SUN397,OxfordIIITPet,0.06337083876132965,2.5696847438812256,0.1617608517408371,86.36668380525334,0.4411498755903314,0.9180444872604226,0.08615752188664563,0.9559227228164673,0.9525510966777802,0.9856194257736206,1.0036904215812683
SUN397__STL10,SUN397,STL10,0.029448363929986954,2.5698983669281006,0.06890492141246796,88.31248906998452,0.4043819717782733,0.9096235104326932,0.08775581762475787,0.9740034639835358,0.9674754440784454,0.9909117817878723,1.0049256086349487
SUN397__CIFAR100,SUN397,CIFAR100,0.047032877802848816,4.293795585632324,0.4149651825428009,87.30422009456122,0.6558242410836194,0.9386285082349237,0.08691282547869775,0.9312320947647095,0.9391990900039673,0.9538204967975616,0.9746195673942566
SUN397__CIFAR10,SUN397,CIFAR10,0.04306713491678238,3.8472816944122314,0.32103151082992554,87.53167149856324,0.7762409779303396,0.9173619803392662,0.08278209898831708,0.960744321346283,0.9627575874328613,0.9712212383747101,0.979024350643158
SUN397__Food101,SUN397,Food101,0.04110881686210632,4.677798748016357,0.40698468685150146,87.64397438672458,0.5844591334136382,0.9400948915841445,0.09096377309200901,0.975528746843338,0.9912052154541016,0.9944575428962708,1.002519130706787
SUN397__FashionMNIST,SUN397,FashionMNIST,0.0338531993329525,4.207545757293701,0.2873230278491974,88.05998387908909,0.681751641731662,0.9079987136822827,0.0749921568440941,0.9262232780456543,0.9151450097560883,0.9590573608875275,0.9736380279064178
SUN397__EMNIST,SUN397,EMNIST,0.02909718081355095,3.2624759674072266,0.15908046066761017,88.33261900696792,0.9448626894690269,0.8639015195504675,0.0672773559700768,0.9541012048721313,0.9199050068855286,0.971090167760849,0.9801853001117706
SUN397__KMNIST,SUN397,KMNIST,0.03422578051686287,4.086380958557129,0.2781185507774353,88.03862417140786,0.7120671417146048,0.8946501106586097,0.07146928335698143,0.7192896008491516,0.5929618030786514,0.9412701427936554,0.971378356218338
SUN397__RenderedSST2,SUN397,RenderedSST2,0.03566910699009895,2.7904651165008545,0.12800583243370056,87.9558771028977,0.6202114369673538,0.8940037815076001,0.0677199126695687,0.9855051636695862,0.9665293097496033,1.0051874816417694,1.0095085501670837
Cars__RESISC45,Cars,RESISC45,0.0324401818215847,3.67253041267395,0.20482322573661804,88.140988337788,0.6445149835185524,0.9370211407823382,0.08162297822956766,0.8986261785030365,0.89168980717659,0.9550055265426636,0.9919891655445099
Cars__EuroSAT,Cars,EuroSAT,0.03163439780473709,3.5982117652893066,0.1850089579820633,88.18718007381281,0.5969944981604293,0.9070027886696581,0.07291813577121159,0.9289720952510834,0.8911382257938385,0.9695633351802826,0.9914795756340027
Cars__SVHN,Cars,SVHN,0.032032161951065063,4.892282009124756,0.38714835047721863,88.16437831073621,0.8105352865684237,0.9081252352246698,0.07060362016255002,0.8829263746738434,0.814998984336853,0.9404469728469849,0.966794341802597
Cars__GTSRB,Cars,GTSRB,0.04037981107831001,3.650752067565918,0.25297367572784424,87.68577805583794,0.6395093431941444,0.9202117841198759,0.07681822529378925,0.8787506818771362,0.8513710498809814,0.9546383321285248,0.9857679605484009
Cars__MNIST,Cars,MNIST,0.04087869077920914,4.228717803955078,0.37947845458984375,87.65717073287175,0.9476036752870304,0.8944173747638486,0.07263252830730291,0.9283156991004944,0.9069155752658844,0.9486523270606995,0.9701144993305206
Cars__DTD,Cars,DTD,0.04387444630265236,3.357365131378174,0.18629008531570435,87.48537219532822,0.433426042507837,0.9334643078300188,0.07656671967146532,0.8423893749713898,0.8502394556999207,0.9229229092597961,0.9860487878322601
Cars__Flowers102,Cars,Flowers102,0.04166262224316597,3.1885251998901367,0.09832347929477692,87.61221646652422,0.2409062766157688,0.924228807665267,0.0774323103000533,0.8724772036075592,0.8954183459281921,0.9211907982826233,0.972739964723587
Cars__PCAM,Cars,PCAM,0.028694158419966698,4.703987121582031,0.32332345843315125,88.35572013559631,0.8694004385879807,0.9053773340189232,0.07521636556341962,0.9292718470096588,0.8893057703971863,0.940963089466095,0.9521673023700714
Cars__FER2013,Cars,FER2013,0.03195030614733696,4.25531530380249,0.29776883125305176,88.16907070462406,0.9513512974117275,0.9276288714048997,0.07751034003383708,0.9023464620113373,0.8809841573238373,0.9504054486751556,0.988673210144043
Cars__OxfordIIITPet,Cars,OxfordIIITPet,0.05916515365242958,3.2454094886779785,0.1965092420578003,86.60810553876891,0.33904184641574503,0.9273253578060078,0.08313660433269898,0.9269519746303558,0.9205310046672821,0.961784690618515,0.9915032386779785
Cars__STL10,Cars,STL10,0.0228455550968647,3.255967855453491,0.06955444067716599,88.69093222416392,0.31078419819450204,0.9185880017730425,0.08225431220149092,0.9350635409355164,0.928753137588501,0.9453347325325012,0.9711267054080963
Cars__CIFAR100,Cars,CIFAR100,0.043118368834257126,4.720109939575195,0.49499955773353577,87.52873328194353,0.8533364993782856,0.9375393109501533,0.08346934113300075,0.9029172658920288,0.9156345129013062,0.9301162958145142,0.9727908074855804
Cars__CIFAR10,Cars,CIFAR10,0.04411989822983742,4.311892986297607,0.42792630195617676,87.47129520441588,0.9900806617046234,0.9251911527705643,0.0830425774151424,0.9040391147136688,0.926323801279068,0.8744640052318573,0.8907794654369354
Cars__Food101,Cars,Food101,0.04206637665629387,5.0662522315979,0.5418895483016968,87.58906274360812,0.7604786156010199,0.9394524311119655,0.08705165358084553,0.953842043876648,0.967436671257019,0.9774687588214874,0.993161678314209
Cars__FashionMNIST,Cars,FashionMNIST,0.03677140548825264,4.631940841674805,0.40608280897140503,87.89267857907859,0.8870723632286704,0.9197530993875468,0.07643603915875816,0.9043358862400055,0.8882640302181244,0.939814567565918,0.96233269572258
Cars__EMNIST,Cars,EMNIST,0.03246750682592392,3.8166964054107666,0.23096634447574615,88.13942190522269,0.7261658873149336,0.8839814606702553,0.07113792373324342,0.9304417967796326,0.8970473408699036,0.952386349439621,0.9744192659854889
Cars__KMNIST,Cars,KMNIST,0.036486148834228516,4.52465295791626,0.38577818870544434,87.90903355663983,0.9265178747114466,0.9108467765574185,0.07299032675207787,0.6868024468421936,0.583355262875557,0.9143174290657043,0.9724748432636261
Cars__RenderedSST2,Cars,RenderedSST2,0.029980840161442757,3.4284205436706543,0.13999541103839874,88.28196695102557,0.47665803028095133,0.8984403407798623,0.06489491299638209,0.9651857614517212,0.9431529343128204,0.9880959093570709,1.0152463912963867
RESISC45__EuroSAT,RESISC45,EuroSAT,0.07291083037853241,2.649362802505493,0.2748270034790039,85.8188070140171,0.9262693861689637,0.9234218529935153,0.10744002706037374,0.9206705689430237,0.8475328981876373,0.9417378604412079,0.9742136001586914
RESISC45__SVHN,RESISC45,SVHN,0.0418948233127594,4.279178619384766,0.32635071873664856,87.59890069905161,0.5224021368638527,0.9223990654045681,0.06988184778195508,0.8837971389293671,0.8006503283977509,0.9478126168251038,0.9750230610370636
RESISC45__GTSRB,RESISC45,GTSRB,0.05094967409968376,2.770280122756958,0.20572373270988464,87.07953425140283,0.9922334771845318,0.9335408581877654,0.0754150744597867,0.8733192682266235,0.7980165183544159,0.9542374610900879,0.9881691932678223
RESISC45__MNIST,RESISC45,MNIST,0.05051254853606224,3.5022082328796387,0.30221983790397644,87.10461199291737,0.6801524733674423,0.9135650666254871,0.0676462447305895,0.9216350018978119,0.8858148455619812,0.9540417194366455,0.9816820025444031
RESISC45__DTD,RESISC45,DTD,0.060380954295396805,2.360459566116333,0.1652388870716095,86.53832051269715,0.6724840439576233,0.9396737420334006,0.08865399706476139,0.840433269739151,0.7965147197246552,0.9324354231357574,0.9758032262325287
RESISC45__Flowers102,RESISC45,Flowers102,0.05288827791810036,2.114933967590332,0.08044592291116714,86.96831040933448,0.373779171588234,0.9339503657143071,0.0830736645831252,0.8750787079334259,0.8442206680774689,0.937525749206543,0.9768615067005157
RESISC45__PCAM,RESISC45,PCAM,0.03883823752403259,4.061943531036377,0.28205668926239014,87.77417309069749,0.5603416093475545,0.9179806214458538,0.08213641342689405,0.9014427661895752,0.8714655041694641,0.9162402451038361,0.9414982497692108
RESISC45__FER2013,RESISC45,FER2013,0.036090441048145294,3.5343408584594727,0.21678511798381805,87.93172088556754,0.6774731744961483,0.9310464712808717,0.07274964170635873,0.9039847254753113,0.8625219464302063,0.9668119847774506,0.9971785247325897
RESISC45__OxfordIIITPet,RESISC45,OxfordIIITPet,0.07119777798652649,2.2099039554595947,0.15241080522537231,85.91721348532693,0.5260418377938079,0.9361249871973721,0.0822245092043337,0.9359682202339172,0.8841173052787781,0.9775954484939575,0.9953992664813995
RESISC45__STL10,RESISC45,STL10,0.03277880698442459,2.2079479694366455,0.06432041525840759,88.1215762210621,0.4821985619292528,0.9299984259425469,0.08544199517313039,0.9510523974895477,0.9122449159622192,0.9833385050296783,0.9994879364967346
RESISC45__CIFAR100,RESISC45,CIFAR100,0.05426536500453949,4.092764377593994,0.40151265263557434,86.88929563846087,0.5499881598325749,0.9311698540201727,0.08452652296367678,0.9038778245449066,0.9112386107444763,0.9425931572914124,0.9810208082199097
RESISC45__CIFAR10,RESISC45,CIFAR10,0.0545974001288414,3.6062042713165283,0.3413023352622986,86.87024318208881,0.650972196961094,0.9312284926198563,0.08180855582907516,0.936463862657547,0.9340659379959106,0.9594174921512604,0.9836390316486359
RESISC45__Food101,RESISC45,Food101,0.04470446705818176,4.497821807861328,0.3711591362953186,87.43776879646862,0.4901398624003029,0.9294766412591035,0.087469113126116,0.9546926021575928,0.9637318253517151,0.9872918426990509,1.0004372298717499
RESISC45__FashionMNIST,RESISC45,FashionMNIST,0.041783496737480164,3.997415781021118,0.29740145802497864,87.60528483217499,0.5717314295660898,0.9280658161865091,0.07105716961734701,0.8871095478534698,0.8812526166439056,0.9345120787620544,0.9784153699874878
RESISC45__EMNIST,RESISC45,EMNIST,0.03667696937918663,2.984523296356201,0.16816090047359467,87.89809302193295,0.8875588825877058,0.9059918747757966,0.06708058512435766,0.926741749048233,0.854840487241745,0.9639973938465118,0.9896751344203949
RESISC45__KMNIST,RESISC45,KMNIST,0.04306846112012863,3.864640235900879,0.293496310710907,87.53159544213993,0.5971546527492921,0.9250965523269942,0.06909515433154019,0.6780860424041748,0.5547243803739548,0.9233187139034271,0.9824223518371582
RESISC45__RenderedSST2,RESISC45,RenderedSST2,0.04165312647819519,2.457176923751831,0.12535756826400757,87.61276100647693,0.7395608208807929,0.9100548951130993,0.06398763240508312,0.9633588194847107,0.9155196249485016,1.0075685679912567,1.021392673254013
EuroSAT__SVHN,EuroSAT,SVHN,0.053947024047374725,4.197800636291504,0.38925158977508545,86.90756198861733,0.48388510664623585,0.9374719475800136,0.06990218353721328,0.9102182388305664,0.7934255003929138,0.9714296162128448,0.9886194169521332
EuroSAT__GTSRB,EuroSAT,GTSRB,0.052323341369628906,2.6676948070526123,0.19569319486618042,87.00072377066336,0.9335195873427476,0.9330135876277708,0.07364179160235064,0.8900304138660431,0.7710090577602386,0.9577681124210358,0.9909200370311737
EuroSAT__MNIST,EuroSAT,MNIST,0.05183529108762741,3.4229092597961426,0.28726726770401,87.02872499130386,0.6300044140073632,0.9370289411184922,0.06537277139020417,0.9600121378898621,0.876316487789154,0.9786295592784882,0.9930903911590576
EuroSAT__DTD,EuroSAT,DTD,0.0549706295132637,2.2480087280273438,0.13934119045734406,86.84882655055225,0.726013462173253,0.9203978810670241,0.08282862595229779,0.8776690661907196,0.8038037121295929,0.9329157769680023,0.9686085283756256
EuroSAT__Flowers102,EuroSAT,Flowers102,0.04953056946396828,1.9828659296035767,0.06978390365839005,87.16094577370787,0.4035318204072133,0.9243423455166366,0.07824484866182757,0.9064967930316925,0.8424601852893829,0.9292107820510864,0.9637794196605682
EuroSAT__PCAM,EuroSAT,PCAM,0.05360544100403786,3.9739906787872314,0.36059805750846863,86.9271616158849,0.5190272785352886,0.9313850009216452,0.08259288730486385,0.9452124536037445,0.8590428233146667,0.9577293992042542,0.9631316959857941
EuroSAT__FER2013,EuroSAT,FER2013,0.04341153800487518,3.444685459136963,0.24153465032577515,87.51192018250028,0.6275226614864865,0.9256385216173136,0.0733279522016363,0.9364664852619171,0.8680194020271301,0.9749491214752197,0.9927510023117065
EuroSAT__OxfordIIITPet,EuroSAT,OxfordIIITPet,0.07184489071369171,2.083420753479004,0.14245697855949402,85.88004146158703,0.5679145242719388,0.9265245266680447,0.07505622303710796,0.9647185504436493,0.894042432308197,0.9877417981624603,0.9970880746841431
EuroSAT__STL10,EuroSAT,STL10,0.032446276396512985,2.0791635513305664,0.05897362902760506,88.14063896044743,0.5205813439690788,0.9309591594732033,0.08059356586550769,0.9850367605686188,0.915797770023346,0.9969017505645752,1.0005633533000946
EuroSAT__CIFAR100,EuroSAT,CIFAR100,0.07327999174594879,3.9995205402374268,0.5022245645523071,85.79759889285069,0.5094371952083171,0.8975115429680303,0.08928030743351519,0.9370233714580536,0.9119490683078766,0.9494754672050476,0.9713173806667328
EuroSAT__CIFAR10,EuroSAT,CIFAR10,0.0751735121011734,3.498633623123169,0.4352814555168152,85.6888080399367,0.6029756172922143,0.9269361968310375,0.08499903886947993,0.9687724709510803,0.9293290972709656,0.980366587638855,0.9879074990749359
EuroSAT__Food101,EuroSAT,Food101,0.04543796926736832,4.438754081726074,0.3494347631931305,87.39569946281462,0.4540015494824689,0.8894963815527143,0.08083514832663084,0.9853735268115997,0.9711476266384125,0.9951527416706085,1.001701831817627
EuroSAT__FashionMNIST,EuroSAT,FashionMNIST,0.05376933142542839,3.90954327583313,0.35449424386024475,86.91775782420518,0.5295773203176861,0.9338798050610524,0.07336548220998836,0.9219979345798492,0.8816013634204865,0.9623416364192963,0.990655779838562
EuroSAT__EMNIST,EuroSAT,EMNIST,0.03727909177541733,2.892695426940918,0.15831995010375977,87.86357033855795,0.8221186213633256,0.934562807937838,0.06554848399927031,0.9595717787742615,0.8329970240592957,0.9841817915439606,0.9954218566417694
EuroSAT__KMNIST,EuroSAT,KMNIST,0.04614472761750221,3.789548635482788,0.2912748456001282,87.35516266932525,0.5531260736500275,0.9342415276563393,0.06774277625218877,0.6962739825248718,0.5498676300048828,0.9174359142780304,0.9860043525695801
EuroSAT__RenderedSST2,EuroSAT,RenderedSST2,0.041397131979465485,2.341820478439331,0.11540098488330841,87.62744107302008,0.7984295194507133,0.9189031315299699,0.0604668382766112,0.9939760863780975,0.9122083783149719,1.0131037831306458,1.0128211677074432
SVHN__GTSRB,SVHN,GTSRB,0.09105166792869568,4.185423374176025,0.7037636637687683,84.77588834729515,0.5183448887490503,0.9323400843818233,0.1078509494381131,0.8969658017158508,0.7221333086490631,0.95522141456604,0.9820612668991089
SVHN__MNIST,SVHN,MNIST,0.16885720193386078,4.458708763122559,1.9339168071746826,80.27861898363737,0.7680662165020647,0.9386500873655643,0.15033692723175263,0.950081080198288,0.8163231611251831,0.9788114130496979,0.9910851120948792
SVHN__DTD,SVHN,DTD,0.05611472204327583,4.023317337036133,0.2939564883708954,86.78317352594226,0.3513071015703075,0.9187056422233582,0.06811019111916702,0.8394041061401367,0.7585450112819672,0.9084884822368622,0.933425635099411
SVHN__Flowers102,SVHN,Flowers102,0.05155027657747269,3.89758038520813,0.15009649097919464,87.045076981942,0.1952630379528941,0.9191517593725672,0.06362016752081098,0.8578767478466034,0.7874430418014526,0.8947608172893524,0.9083316922187805
SVHN__PCAM,SVHN,PCAM,0.044174764305353165,5.164778232574463,0.614109992980957,87.46814854195253,0.9322922448542106,0.9249148818681825,0.06877172392494273,0.9078851640224457,0.8356953263282776,0.9286356568336487,0.9562352895736694
SVHN__FER2013,SVHN,FER2013,0.047537676990032196,4.761473178863525,0.5466015338897705,87.27526484272259,0.7711037964748563,0.9274580816052994,0.07356230883665804,0.8864134252071381,0.7934603691101074,0.9432606399059296,0.9576619863510132
SVHN__OxfordIIITPet,SVHN,OxfordIIITPet,0.07467547059059143,3.930537462234497,0.30600082874298096,85.71742415069413,0.2748053801432734,0.9226219552867817,0.0657037743138817,0.9227297604084015,0.8225820958614349,0.9795599281787872,0.9880720674991608
SVHN__STL10,SVHN,STL10,0.021904218941926956,3.963599920272827,0.08227689564228058,88.74488032079887,0.2519015591445185,0.9271857119956106,0.06828106653015567,0.9418975114822388,0.833343893289566,0.986613541841507,0.9944786727428436
SVHN__CIFAR100,SVHN,CIFAR100,0.06988079100847244,5.140017986297607,0.9897572994232178,85.99285972101738,0.9498425148331924,0.9016475306366974,0.08070049316815607,0.8940114676952362,0.8139989078044891,0.9389239847660065,0.9623352587223053
SVHN__CIFAR10,SVHN,CIFAR10,0.07794607430696487,4.760711193084717,0.9327316284179688,85.52948425843121,0.8024953128606115,0.9291956042343715,0.07917663992013568,0.9274289309978485,0.8406210243701935,0.9743017852306366,0.9893948137760162
SVHN__Food101,SVHN,Food101,0.045100852847099304,5.520303249359131,0.7167856097221375,87.415034633125,0.9382424531085753,0.8918811532686342,0.06979729327953087,0.9417887926101685,0.8841783702373505,0.9768569767475128,0.9809907674789429
SVHN__FashionMNIST,SVHN,FashionMNIST,0.0717746764421463,5.043195724487305,0.9779225587844849,85.88407485584138,0.9137194666039697,0.936411257060069,0.08045884317384577,0.8867534697055817,0.8061701357364655,0.9595256149768829,0.9904823005199432
SVHN__EMNIST,SVHN,EMNIST,0.14793920516967773,4.186058044433594,1.2984092235565186,81.49248068314307,0.5885830755710234,0.9344172241552821,0.14741310533487567,0.9499510228633881,0.7868933975696564,0.9817659556865692,0.9935303032398224
SVHN__KMNIST,SVHN,KMNIST,0.07457273453474045,4.940216064453125,0.9727877378463745,85.7233269516775,0.8748188337120378,0.9378913258606533,0.09224674324944337,0.6835327297449112,0.4653949961066246,0.9196717441082001,0.9776981770992279
SVHN__RenderedSST2,SVHN,RenderedSST2,0.04540029168128967,4.07750129699707,0.2615514397621155,87.39786045958733,0.38634815316891125,0.9142107468730999,0.0610517221801686,0.9491913616657257,0.831669270992279,1.0047204494476318,1.0124268531799316
GTSRB__MNIST,GTSRB,MNIST,0.0967019721865654,3.4158449172973633,0.5740804672241211,84.4507132826668,0.6748700536650369,0.9302470211712819,0.10117609197238706,0.9091411232948303,0.7979540526866913,0.9575932919979095,0.9834128618240356
GTSRB__DTD,GTSRB,DTD,0.07155223190784454,2.335073709487915,0.1942889243364334,85.89685284273368,0.6777477876132547,0.9319647168213466,0.07649314724049477,0.850500226020813,0.7379151880741119,0.9230692386627197,0.9652260839939117
GTSRB__Flowers102,GTSRB,Flowers102,0.06405235081911087,2.092639684677124,0.09667032957077026,86.32755654709288,0.37670485846620955,0.9318358718224291,0.07030160935982217,0.8607905507087708,0.7610990405082703,0.9221905469894409,0.9521215856075287
GTSRB__PCAM,GTSRB,PCAM,0.042230065912008286,4.049351692199707,0.3043072521686554,87.57967569847315,0.5559897034541006,0.9228779965976499,0.07168510820505754,0.8859843015670776,0.805970698595047,0.9420366883277893,0.9831268191337585
GTSRB__FER2013,GTSRB,FER2013,0.0480889193713665,3.5058484077453613,0.2866130471229553,87.2436448162464,0.6722115636295563,0.9253131398614848,0.07523966451298517,0.8852052688598633,0.797628790140152,0.952618271112442,0.9838828444480896
GTSRB__OxfordIIITPet,GTSRB,OxfordIIITPet,0.0854562371969223,2.183192014694214,0.1815125048160553,85.09773920396161,0.5301593323442931,0.930582952949236,0.07233597942680683,0.9248803555965424,0.8107738494873047,0.9821624159812927,0.9924239218235016
GTSRB__STL10,GTSRB,STL10,0.029782839119434357,2.1967387199401855,0.057987526059150696,88.2933166434304,0.48597288140034745,0.9287906120408256,0.07627012704340916,0.9335826337337494,0.8193933665752411,0.9844897389411926,0.9957250654697418
GTSRB__CIFAR100,GTSRB,CIFAR100,0.06909668445587158,4.059950828552246,0.5072795748710632,86.0378945794817,0.5457166642409979,0.9164989613137156,0.08117208118146321,0.8801407814025879,0.8567233383655548,0.9417956471443176,0.9712359011173248
GTSRB__CIFAR10,GTSRB,CIFAR10,0.0740995779633522,3.56485652923584,0.45961734652519226,85.75051204113112,0.6459164065411601,0.9271023295960337,0.0831278843980915,0.911563903093338,0.868504524230957,0.965456634759903,0.9876690804958344
GTSRB__Food101,GTSRB,Food101,0.04904032126069069,4.483954429626465,0.4039960503578186,87.18906910428097,0.4863331799762005,0.9065491208490336,0.07317467337509373,0.9391427338123322,0.9429400861263275,0.986263781785965,0.9958809614181519
GTSRB__FashionMNIST,GTSRB,FashionMNIST,0.06597580015659332,3.947683572769165,0.46594664454460144,86.21711734965074,0.5672910643740445,0.9302457436075751,0.07642061327988248,0.8859864771366119,0.8241694867610931,0.9619615077972412,0.9913963973522186
GTSRB__EMNIST,GTSRB,EMNIST,0.08189776539802551,2.9072208404541016,0.37257835268974304,85.30234228752278,0.8806656362760169,0.9272701391633952,0.10242554781571872,0.9149167537689209,0.7516997158527374,0.9624249637126923,0.9854495823383331
GTSRB__KMNIST,GTSRB,KMNIST,0.07389046251773834,3.8027498722076416,0.4996263086795807,85.76252640967728,0.5925168375143518,0.9351154779488186,0.08304780139675676,0.7483861744403839,,0.9444780051708221,0.9840939939022064
GTSRB__RenderedSST2,GTSRB,RenderedSST2,0.052880171686410904,2.431053638458252,0.15791055560112,86.96877551304077,0.7453495955198982,0.9167296425351557,0.06391599597233646,0.9500979781150818,,0.99698805809021,1.0074459910392761
MNIST__DTD,MNIST,DTD,0.07339543104171753,3.1704440116882324,0.29530733823776245,85.79096684940649,0.4573916857979172,0.9114379061842864,0.06779572671314453,0.8708586096763611,0.829860657453537,0.913253515958786,0.952794998884201
MNIST__Flowers102,MNIST,Flowers102,0.06813930720090866,3.0106403827667236,0.15238283574581146,86.09287785288414,0.25422682804897095,0.9176712902087085,0.06450114590379429,0.8978345990180969,0.8660428822040558,0.8995153307914734,0.9144148230552673
MNIST__PCAM,MNIST,PCAM,0.05222421512007713,4.544361114501953,0.5576261281967163,87.00641106211762,0.8238470509021266,0.9250773843729271,0.0670604095144092,0.9772233366966248,0.9081007838249207,0.9841393530368805,0.9806546568870544
MNIST__FER2013,MNIST,FER2013,0.05362345278263092,4.093997955322266,0.47357138991355896,86.92612813053958,0.9960607378842148,0.9160899812320493,0.07339760110063372,0.9333847761154175,0.8746163845062256,0.9621005058288574,0.9751949310302734
MNIST__OxfordIIITPet,MNIST,OxfordIIITPet,0.09586170315742493,3.054210662841797,0.30170944333076477,84.49908186820609,0.3577886570702133,0.9177845693984121,0.06642090023126243,0.9676486253738403,0.9081562161445618,0.9844513535499573,0.9891360998153687
MNIST__STL10,MNIST,STL10,0.02761535346508026,3.0949418544769287,0.0796709954738617,88.41755562248954,0.3279685445504051,0.9230769524034464,0.0683506710068235,0.9903033375740051,0.9229661524295807,0.997351348400116,0.9963195621967316
MNIST__CIFAR100,MNIST,CIFAR100,0.071645088493824,4.551610469818115,0.7793912887573242,85.89151886271554,0.8086248030674321,0.8859686356670452,0.07632012440348573,0.93565434217453,0.9194030165672302,0.9514227509498596,0.9679376780986786
MNIST__CIFAR10,MNIST,CIFAR10,0.08223593235015869,4.117425918579102,0.7558269500732422,85.28290117004755,0.9570974486619501,0.9177604126480391,0.07650845849289088,0.9765665829181671,,0.9875898361206055,0.99374058842659
MNIST__Food101,MNIST,Food101,0.05409359931945801,4.940587520599365,0.6603126525878906,86.89915156354623,0.7206323311207193,0.8746179409746854,0.06843295521893591,0.9879409670829773,0.9762791693210602,0.9874422252178192,0.9812153577804565
MNIST__FashionMNIST,MNIST,FashionMNIST,0.08400385081768036,4.418759822845459,0.8790838122367859,85.18125514925637,0.8405930316410397,0.9287649764204925,0.08036681787585308,0.9280513823032379,0.8786295652389526,0.9700532555580139,0.9916857481002808
MNIST__EMNIST,MNIST,EMNIST,0.3930651843547821,2.961608648300171,2.649662971496582,66.85464091882834,0.7663181414898766,0.9414566103017555,0.19968030722636101,1.0002011060714722,0.9143790900707245,1.0017597079277039,1.0017094612121582
MNIST__KMNIST,MNIST,KMNIST,0.1187460646033287,4.230438709259033,1.1897485256195068,83.18026006255792,0.8779717432956952,0.935016061899797,0.10156477987766264,0.7110594362020493,0.5372583940625191,0.8906924724578857,0.9731593728065491
MNIST__RenderedSST2,MNIST,RenderedSST2,0.05890342593193054,3.240809202194214,0.2606375515460968,86.62312763177765,0.5030141215277273,0.9134486385111539,0.06020468391899793,1.0063819587230682,0.9255304634571075,1.0117360651493073,1.0099074840545654
DTD__Flowers102,DTD,Flowers102,0.10791124403476715,1.4809885025024414,0.11038093268871307,83.80507810460855,0.5558186472180264,0.9383957363524527,0.09420135043702033,0.8254115879535675,0.7701485455036163,0.8984976708889008,0.9625425934791565
DTD__PCAM,DTD,PCAM,0.04669041931629181,3.7918903827667236,0.22802786529064178,87.3238631006093,0.3768207914517662,0.916928010166816,0.08301275948870854,0.8592357337474823,0.8189440071582794,0.8795842528343201,0.88970947265625
DTD__FER2013,DTD,FER2013,0.05152697488665581,3.2072336673736572,0.20813913643360138,87.04641384717269,0.4555899000579784,0.9276218897891495,0.07224253289542108,0.8524642586708069,0.8179043829441071,0.9390448927879333,0.9874037504196167
DTD__OxfordIIITPet,DTD,OxfordIIITPet,0.1210123747587204,1.6195528507232666,0.1742054522037506,83.04946680843035,0.7822369058721584,0.9383896386848306,0.08404145884626321,0.8792133629322052,0.8273161053657532,0.9458748698234558,0.9931424558162689
DTD__STL10,DTD,STL10,0.03386588767170906,1.6417865753173828,0.04468882083892822,88.05925647373597,0.7170408967497207,0.9317433417968031,0.08235999129290851,0.894936591386795,0.8651477694511414,0.9469726979732513,0.9836386144161224
DTD__CIFAR100,DTD,CIFAR100,0.06484400480985641,3.8309731483459473,0.3226467967033386,86.28210361925542,0.3698582618530216,0.9283375413912647,0.08132071441636891,0.8538841009140015,0.8782713711261749,0.90833780169487,
DTD__CIFAR10,DTD,CIFAR10,0.06008763611316681,3.3082025051116943,0.25260064005851746,86.55515697718886,0.4377684155163749,0.928031567132698,0.07569078252000629,0.8838450312614441,0.8867831230163574,0.9282963275909424,0.9605865478515625
DTD__Food101,DTD,Food101,0.05864914134144783,4.256418228149414,0.32745686173439026,86.63772229719925,0.3296112367717887,0.9243839686771609,0.08439265008804932,0.8945345878601074,,0.9409644603729248,0.9887804388999939
DTD__FashionMNIST,DTD,FashionMNIST,0.054736703634262085,3.713599920272827,0.26199769973754883,86.8622497260452,0.3844802638122771,0.9244446214639915,0.07166454035718484,0.8499270081520081,,0.9018385112285614,0.9396049976348877
DTD__EMNIST,DTD,EMNIST,0.051990196108818054,2.5886902809143066,0.160301074385643,87.01983760381945,0.5968691866130897,0.9054227201443799,0.06808653895585043,0.877409964799881,,0.9272642433643341,0.9706595838069916
DTD__KMNIST,DTD,KMNIST,0.06390195339918137,3.5619475841522217,0.29284629225730896,86.33619137413417,0.4015769757489543,0.921150694478233,0.06888637717040083,0.670836478471756,,0.8939511775970459,0.957604169845581
DTD__RenderedSST2,DTD,RenderedSST2,0.07215315103530884,1.9452937841415405,0.14602932333946228,85.86233348864148,0.9093018788592893,0.912241945851524,0.06521215219542664,0.9125685095787048,,0.9670084416866302,1.0067400336265564
Flowers102__PCAM,Flowers102,PCAM,0.04529930278658867,3.6463608741760254,0.12296571582555771,87.40365265622708,0.20944402254834676,0.9208827547307284,0.08075335008918114,0.8744257092475891,,0.8130462765693665,
Flowers102__FER2013,Flowers102,FER2013,0.04609912633895874,3.0374062061309814,0.10350126028060913,87.35777821354233,0.2532253619364214,0.9206208440492738,0.06880936372392583,0.8757540881633759,,0.9349305331707001,
Flowers102__OxfordIIITPet,Flowers102,OxfordIIITPet,0.12620507180690765,1.2225189208984375,0.10098141431808472,82.74964752450735,0.7105502732555351,0.9398522140844813,0.09012380214232316,0.9056751132011414,,0.9452252388000488,
Flowers102__STL10,Flowers102,STL10,0.029688246548175812,1.2118149995803833,0.021774880588054657,88.2987387962095,0.7751561308950442,0.9330223866228787,0.08249902176969452,0.9288536608219147,,0.952699214220047,
Flowers102__CIFAR100,Flowers102,CIFAR100,0.061503324657678604,3.7002384662628174,0.17009469866752625,86.47389367432562,0.2055741187655571,0.9164282072265193,0.08223971148144524,0.876387894153595,0.9096066653728485,0.89785236120224,
Flowers102__CIFAR10,Flowers102,CIFAR10,0.05778525397181511,3.146667242050171,0.13502034544944763,86.68730349166297,0.2433198485070904,0.9215663941401355,0.07622033222666327,0.9092385768890381,0.9398345351219177,0.9167994260787964,
Flowers102__Food101,Flowers102,Food101,0.05689612776041031,4.142324447631836,0.17656609416007996,86.73833062926104,0.18320407173035622,0.9113368695636965,0.08822463258819761,0.9271296262741089,0.968592494726181,0.9495108723640442,
Flowers102__FashionMNIST,Flowers102,FashionMNIST,0.05215608328580856,3.5702285766601562,0.1387576162815094,87.01032005598415,0.21370130011416982,0.9215488096453109,0.06830417232693364,0.8761148750782013,0.8901946246623993,0.9052813351154327,
Flowers102__EMNIST,Flowers102,EMNIST,0.046289704740047455,2.361922264099121,0.07932914048433304,87.3468472062788,0.3317510238694113,0.9143691985112317,0.06524219673197226,0.9050328135490417,0.8218716979026794,0.919752836227417,
Flowers102__KMNIST,Flowers102,KMNIST,0.058947186917066574,3.418874979019165,0.15014822781085968,86.62061594770576,0.22320397141468998,0.9201411852296794,0.06569234487020746,0.677782267332077,0.5524838641285896,0.8840451836585999,
Flowers102__RenderedSST2,Flowers102,RenderedSST2,0.06772071123123169,1.6257092952728271,0.07617981731891632,86.11691716411369,0.5054069402203799,0.9137521431131183,0.06221959326627119,0.9299946427345276,0.8834037780761719,0.9777701199054718,
PCAM__FER2013,PCAM,FER2013,0.03369525820016861,4.592549800872803,0.36120402812957764,88.06903840513438,0.8271052352210003,0.9210653395022986,0.07540601823689803,0.9354991614818573,0.8733880817890167,0.9491806626319885,
PCAM__OxfordIIITPet,PCAM,OxfordIIITPet,0.07386040687561035,3.6801815032958984,0.2821687161922455,85.76425318958813,0.2947631299735275,0.9222102615068544,0.07894946134315346,0.9642504453659058,0.9134544134140015,0.950260728597641,
PCAM__STL10,PCAM,STL10,0.020618559792637825,3.7112226486206055,0.07220397889614105,88.81855982419779,0.27019591821651395,0.9234095496951409,0.08003305486350687,0.9919585883617401,0.9273122549057007,0.9943579733371735,
PCAM__CIFAR100,PCAM,CIFAR100,0.0496746189892292,5.013137340545654,0.6559308767318726,87.15268217164656,0.9815229685922577,0.8975327610969543,0.08405307601645308,0.9307084679603577,0.9003450870513916,0.9070963561534882,
PCAM__CIFAR10,PCAM,CIFAR10,0.061141956597566605,4.6051483154296875,0.6821082830429077,86.49463757924927,0.8607765615234777,0.9159418940544128,0.08278032127978664,0.9821274876594543,0.9375465214252472,0.9686911106109619,0.9724631905555725
PCAM__Food101,PCAM,Food101,0.04716278985142708,5.343376159667969,0.6988053917884827,87.29676841319424,0.8747161628261152,0.8915327112629728,0.08593842578384112,0.9789120256900787,0.9476149082183838,0.9499158561229706,0.9173566401004791
PCAM__FashionMNIST,PCAM,FashionMNIST,0.0531771145761013,4.908117771148682,0.6754741668701172,86.95173796667218,0.9800783731144892,0.9246550146138893,0.07532266676425933,0.9444974362850189,0.8944472670555115,0.964958906173706,0.9844464957714081
PCAM__EMNIST,PCAM,EMNIST,0.03294454142451286,4.196349620819092,0.2695644497871399,88.11207520570446,0.6313289409192334,0.9231336735329538,0.06681929514655525,0.9753276109695435,0.8800193071365356,0.9905501306056976,0.9812690913677216
PCAM__KMNIST,PCAM,KMNIST,0.04559195414185524,4.826772212982178,0.5544692277908325,87.38686762657834,0.938352580470987,0.9171276744806541,0.06960249363251456,0.6913677453994751,0.5600225552916527,0.8790571391582489,0.9824725389480591
PCAM__RenderedSST2,PCAM,RenderedSST2,0.04264780133962631,3.8430097103118896,0.22905874252319336,87.55571963843211,0.414406700582742,0.9284457834261768,0.06569295753285569,1.0075052082538605,0.9495075047016144,1.0149168968200684,1.0192283987998962
FER2013__OxfordIIITPet,FER2013,OxfordIIITPet,0.06368543952703476,3.096968412399292,0.20123237371444702,86.3486220251364,0.3563792337679589,0.9282367825508118,0.07528096772027466,0.9383852779865265,0.8881130218505859,0.9790239632129669,0.9997517168521881
FER2013__STL10,FER2013,STL10,0.025791509076952934,3.1076395511627197,0.07470337301492691,88.52209150045805,0.3266765904876885,0.931364859050175,0.07491552247753683,0.9598459005355835,0.9072183966636658,0.9886265993118286,1.0054734349250793
FER2013__CIFAR100,FER2013,CIFAR100,0.058477163314819336,4.588588714599609,0.6386614441871643,86.64759285308456,0.8118227858123138,0.9238711707996872,0.08478718712082449,0.9122062921524048,0.8955079317092896,0.9518194198608398,0.9820357263088226
FER2013__CIFAR10,FER2013,CIFAR10,0.05945800989866257,4.173501491546631,0.5486370921134949,86.5912965198278,0.9608826171534192,0.9381714654418657,0.08274184355758267,0.9397550523281097,0.9138027429580688,0.9643087089061737,0.9837089776992798
FER2013__Food101,FER2013,Food101,0.041554927825927734,4.976291656494141,0.5092607140541077,87.61839225046498,0.7234823176059048,0.9184393466643568,0.07637762281129942,0.9574592709541321,0.9469739496707916,0.9892226457595825,0.9987265467643738
FER2013__FashionMNIST,FER2013,FashionMNIST,0.0555473268032074,4.490646839141846,0.583590567111969,86.81573366522156,0.8439174436556829,0.9380348167329464,0.08172136702627505,0.9128851592540741,0.8755683898925781,0.9540587663650513,0.9739829003810883
FER2013__EMNIST,FER2013,EMNIST,0.043430402874946594,3.669356346130371,0.2939237058162689,87.51083828468832,0.7632994134664666,0.9082176033056008,0.07235580162619645,0.9310947954654694,0.8604221642017365,0.9551287889480591,0.9704317152500153
FER2013__KMNIST,FER2013,KMNIST,0.048232633620500565,4.397062301635742,0.4851681590080261,87.23540103019006,0.8814439821818911,0.9269432178083455,0.07552691827405174,0.70608851313591,0.5467535778880119,0.9106638133525848,0.9512967765331268
FER2013__RenderedSST2,FER2013,RenderedSST2,0.04228035360574722,3.2718679904937744,0.18782323598861694,87.57679185015036,0.5010326170550881,0.9174075913879106,0.06879965795098611,0.9559545814990997,0.9102286696434021,0.9864705801010132,1.0134882628917694
OxfordIIITPet__STL10,OxfordIIITPet,STL10,0.04740992188453674,1.4067928791046143,0.04893777519464493,87.2825929336269,0.9166543937865638,0.9376571043482367,0.09632159038534706,0.9856182336807251,0.9648369550704956,0.9957737326622009,0.9997957944869995
OxfordIIITPet__CIFAR100,OxfordIIITPet,CIFAR100,0.08522200584411621,3.7327823638916016,0.33170175552368164,85.1112088095571,0.2893167823631622,0.9185734211273913,0.085673292459182,0.9446179568767548,0.9425797164440155,0.9700528979301453,0.9845124185085297
OxfordIIITPet__CIFAR10,OxfordIIITPet,CIFAR10,0.09122296422719955,3.1837501525878906,0.29997918009757996,84.76603277675008,0.3424386108420865,0.9292930409593402,0.08668565840091345,0.9643348157405853,0.9622179269790649,0.9595503509044647,0.9675366878509521
OxfordIIITPet__Food101,OxfordIIITPet,Food101,0.08045868575572968,4.167880058288574,0.35140037536621094,85.38506851422606,0.2578340739930594,0.9142384056775075,0.0871705194408039,0.9875217080116272,0.9926624298095703,0.9977800250053406,1.0046986639499664
OxfordIIITPet__FashionMNIST,OxfordIIITPet,FashionMNIST,0.07855534553527832,3.605881452560425,0.2941257059574127,85.49446821865907,0.3007546519334269,0.9275093978306033,0.07052077937800932,0.9380809962749481,0.9146787822246552,0.9688502550125122,0.9826560914516449
OxfordIIITPet__EMNIST,OxfordIIITPet,EMNIST,0.0636051744222641,2.448075771331787,0.15340739488601685,86.35323021961852,0.4668931057466552,0.9131349943718821,0.06640403057044408,0.9659118056297302,0.8727251291275024,0.9855581521987915,0.9905948042869568
OxfordIIITPet__KMNIST,OxfordIIITPet,KMNIST,0.0858701691031456,3.4554760456085205,0.307826429605484,85.07393515247703,0.31412833097936077,0.9224308515494725,0.0681354708266708,0.7277793884277344,0.5797792300581932,0.9431286752223969,0.9807960987091064
OxfordIIITPet__RenderedSST2,OxfordIIITPet,RenderedSST2,0.09528528898954391,1.7475965023040771,0.1508517563343048,84.53225984404642,0.7112894882226306,0.9162327456024458,0.06271602868471503,0.9962966442108154,0.949929267168045,1.0160380005836487,1.0170652270317078
STL10__CIFAR100,STL10,CIFAR100,0.04340513050556183,3.7549707889556885,0.15486100316047668,87.51228765153932,0.2652034997493837,0.9118686475843754,0.09323731556815924,0.968093752861023,0.9543501436710358,0.9819720387458801,0.993267834186554
STL10__CIFAR10,STL10,CIFAR10,0.07535143941640854,3.1772162914276123,0.22713539004325867,85.6785845594324,0.31389785723056585,0.9352181250194334,0.13256496286617137,0.9943737089633942,0.9885670244693756,0.9887616634368896,0.9916837513446808
STL10__Food101,STL10,Food101,0.026829250156879425,4.202269077301025,0.10741004347801208,88.46261272343402,0.2363447367936279,0.904517318842546,0.08450080682084239,1.0079964399337769,1.0039162933826447,1.0103490352630615,1.0095664858818054
STL10__FashionMNIST,STL10,FashionMNIST,0.027834109961986542,3.6347217559814453,0.09552992880344391,88.40501697854256,0.27568807314652444,0.9321750200019693,0.0759128582365108,0.9564570784568787,0.9290817975997925,0.9805279076099396,0.9928715229034424
STL10__EMNIST,STL10,EMNIST,0.022014698013663292,2.452990770339966,0.048671163618564606,88.73854880949278,0.4279796168113263,0.9189929107450089,0.06740032490694299,0.9882104098796844,0.8883572518825531,0.9970239102840424,0.9978857040405273
STL10__KMNIST,STL10,KMNIST,0.02291463129222393,3.4944353103637695,0.075297512114048,88.68697341335249,0.287947114805071,0.9271141380633948,0.07009108519216754,0.7455174475908279,0.5943928584456444,0.9541767835617065,0.9943548142910004
STL10__RenderedSST2,STL10,RenderedSST2,0.02266792580485344,1.7619417905807495,0.03289589658379555,88.70111226923491,0.6520066346334707,0.9182374533617271,0.06312366659348866,1.0188758373260498,0.9817834496498108,1.025881052017212,1.0185957551002502
CIFAR100__CIFAR10,CIFAR100,CIFAR10,0.13611595332622528,4.475192546844482,1.5471163988113403,82.17684499528342,0.84487196596116,0.9230511852030484,0.11927102666418513,0.970611572265625,0.9559743106365204,0.9831933677196503,0.9917058944702148
CIFAR100__Food101,CIFAR100,Food101,0.06356345862150192,5.340586185455322,0.9595422744750977,86.35562520526666,0.8911825711839129,0.9390734535343243,0.09094497915708796,0.9640165269374847,0.9702176153659821,0.9725205600261688,0.9825009107589722
CIFAR100__FashionMNIST,CIFAR100,FashionMNIST,0.0760575532913208,4.897407054901123,0.984298586845398,85.6380107789856,0.9619694342324039,0.9146011168102048,0.08850463215472562,0.9167164266109467,0.904765248298645,0.9420148730278015,0.9681858122348785
CIFAR100__EMNIST,CIFAR100,EMNIST,0.05796124041080475,4.206696510314941,0.48318910598754883,86.67720328287851,0.619663856249252,0.8759413800149594,0.07610760193388419,0.9368417859077454,0.90525683760643,0.9569075107574463,0.9770728647708893
CIFAR100__KMNIST,CIFAR100,KMNIST,0.06361070275306702,4.829843997955322,0.788171648979187,86.35291282686423,0.9210146103700886,0.9057770225237001,0.07832174171816628,0.7136446833610535,0.594511479139328,0.901360958814621,0.9507932364940643
CIFAR100__RenderedSST2,CIFAR100,RenderedSST2,0.044817451387643814,3.901658058166504,0.24524328112602234,87.43128877648023,0.40674969496049584,0.89796152879607,0.06201903153702898,0.9707089066505432,0.9536198079586029,0.9928537309169769,1.0123165547847748
CIFAR10__Food101,CIFAR10,Food101,0.06247298792004585,4.995444297790527,0.7967802286148071,86.41822901008508,0.7529351709464738,0.9157638707250919,0.08433769980691518,0.99569371342659,0.994077205657959,0.9909965097904205,0.9896742701530457
CIFAR10__FashionMNIST,CIFAR10,FashionMNIST,0.08752832561731339,4.492128849029541,0.9570255875587463,84.97857067924791,0.8782731923653261,0.9378559915524609,0.0892092467197832,0.9509974122047424,0.9298577606678009,0.9753818213939667,0.99249467253685
CIFAR10__EMNIST,CIFAR10,EMNIST,0.06360890716314316,3.7310304641723633,0.4480096101760864,86.3530159153587,0.7334411380833282,0.9101216793060303,0.07475537047633583,0.9736594557762146,0.9286851286888123,0.9863744378089905,0.9950962364673615
CIFAR10__KMNIST,CIFAR10,KMNIST,0.07241588085889816,4.421319484710693,0.7580771446228027,85.84724069660612,0.9173274304754705,0.9303160894591853,0.07982157437868838,0.706253707408905,0.5996525883674622,0.9081634283065796,0.9852269887924194
CIFAR10__RenderedSST2,CIFAR10,RenderedSST2,0.048467058688402176,3.3740649223327637,0.2240719348192215,87.22195373603844,0.4814335323551199,0.9113181109698314,0.06144623688931735,1.00728240609169,0.9885676205158234,1.0076236128807068,1.0139534771442413
Food101__FashionMNIST,Food101,FashionMNIST,0.049797117710113525,5.29010534286499,0.7231382131576538,87.14565481492436,0.8572903937995676,0.9069747160065849,0.07610814877838457,0.9534493684768677,0.9479621946811676,0.9681041240692139,0.9817594885826111
Food101__EMNIST,Food101,EMNIST,0.03860727697610855,4.620504856109619,0.36114501953125,87.7874160877005,0.552233628681947,0.8622552718756333,0.06769230570995581,0.9900347888469696,0.9768370687961578,0.9924930036067963,0.9899734854698181
Food101__KMNIST,Food101,KMNIST,0.0474119707942009,5.20231819152832,0.6591897010803223,87.28247540758883,0.8207921685675652,0.8955337922528105,0.07015290653930521,0.7625735104084015,0.6754575073719025,0.9559969305992126,0.9885413646697998
Food101__RenderedSST2,Food101,RenderedSST2,0.04383563622832298,4.314248085021973,0.2691596448421478,87.48759799021647,0.3624882389831669,0.8864320865217244,0.0642693207230208,1.0192053318023682,1.0071754455566406,1.0296302437782288,1.0219980478286743
FashionMNIST__EMNIST,FashionMNIST,EMNIST,0.06463691592216492,4.079800128936768,0.5183477401733398,86.29399388268278,0.6441616897565026,0.9222543734424519,0.07859274567860479,0.9287501871585846,0.8665338158607483,0.9730280339717865,0.993589460849762
FashionMNIST__KMNIST,FashionMNIST,KMNIST,0.07472492754459381,4.70374870300293,0.8906686305999756,85.71458253659732,0.9574260653146481,0.9355310572768157,0.08313011937546277,0.6906647682189941,0.541730135679245,0.9167143404483795,0.9851589500904083
FashionMNIST__RenderedSST2,FashionMNIST,RenderedSST2,0.045189231634140015,3.772365093231201,0.23787356913089752,87.40996573359457,0.42283016537324664,0.9194144595344111,0.06219801956190254,0.9642995297908783,0.9273683130741119,0.9926584362983704,1.0135619044303894
EMNIST__KMNIST,EMNIST,KMNIST,0.09911131858825684,3.8907225131988525,0.7609729170799255,84.31200144105657,0.6728056746029841,0.9306009704211973,0.10146736620732077,0.7146829068660736,0.5128289759159088,0.9060114324092865,0.9801622331142426
EMNIST__RenderedSST2,EMNIST,RenderedSST2,0.03917275369167328,2.673461437225342,0.1328282356262207,87.75499212923626,0.656403775786603,0.9129964709281921,0.06048905160629522,1.0041148662567139,0.9047004878520966,1.0136627852916718,1.0083922743797302
KMNIST__RenderedSST2,KMNIST,RenderedSST2,0.05339837446808815,3.622755527496338,0.26911911368370056,86.93904267116862,0.4416321851800514,0.9112101354688968,0.06229246995359095,0.772342711687088,0.6078747436404228,0.9751780927181244,1.0110118687152863
